{
  "Comment": "A simple AWS Step Functions state machine that ingests, transforms, and stores data.",
  "StartAt": "IngestData",
  "States": {
    "IngestData": {
      "Type": "Task",
      "Resource": "arn:aws:lambda:us-west-2:ACCOUNT_ID:function:IngestDataFunction",
      "Parameters": {
        "input_bucket": "wa3548-ACCOUNT_ID-sf-input",
        "input_key": "input_data.csv",
        "output_bucket": "wa3548-ACCOUNT_ID-sf-output",
        "output_key": "data/input_data.csv"
      },
      "ResultPath": "$.IngestDataResult",
      "Next": "CheckIngestDataResult",
      "Catch": [
        {
          "ErrorEquals": ["States.ALL"],
          "Next": "IngestDataFailed"
        }
      ]
    },
    "CheckIngestDataResult": {
      "Type": "Choice",
      "Choices": [
        {
          "Variable": "$.IngestDataResult.statusCode",
          "NumericEquals": 400,
          "Next": "IngestDataError"
        },
        {
          "Variable": "$.IngestDataResult.statusCode",
          "NumericEquals": 500,
          "Next": "IngestDataError"
        },
        {
          "Variable": "$.IngestDataResult.statusCode",
          "NumericEquals": 200,
          "Next": "TransformData"
        }
      ],
      "Default": "IngestDataFailed"
    },
    "TransformData": {
      "Type": "Task",
      "Resource": "arn:aws:lambda:us-west-2:ACCOUNT_ID:function:TransformDataFunction",
      "Parameters": {
        "input_key": "data/input_data.csv",
        "output_bucket": "wa3548-ACCOUNT_ID-sf-output",
        "output_key": "transformed/transformed_data.csv"
      },
      "ResultPath": "$.TransformDataResult",
      "End": true,
      "Catch": [
        {
          "ErrorEquals": ["States.ALL"],
          "Next": "TransformDataFailed"
        }
      ]
    },
    "IngestDataError": {
      "Type": "Fail",
      "Error": "IngestDataError",
      "Cause": "IngestData function returned an error with status code 400 or 500."
    },
    "IngestDataFailed": {
      "Type": "Fail",
      "Error": "IngestDataFailed",
      "Cause": "The IngestData function failed due to unexpected issues."
    },
    "TransformDataFailed": {
      "Type": "Fail",
      "Error": "TransformDataFailed",
      "Cause": "The TransformData function failed due to unexpected issues."
    }
  }
}
